date, pm25, pm10, o3, so2, co
2020/5/1, 33, , 43, , 
2020/5/2, 41, , 39, , 
2020/5/3, 29, , 29, , 
2020/5/4, 18, , 31, , 
2020/5/5, 17, , 35, , 
2020/5/6, 24, , 39, , 
2020/5/7, 28, , 27, , 
2020/5/8, 23, , 31, , 
2020/5/9, 20, , 32, , 
2020/5/10, 29, , 21, , 
2020/5/11, 17, , 37, , 
2020/5/12, 24, , 38, , 
2020/5/13, 27, , 26, , 
2020/5/14, 30, , 36, , 
2020/5/15, 25, , 34, , 
2020/5/16, 36, , 24, , 
2020/5/17, 33, , , , 
2020/4/1, 27, , 34, , 
2020/4/2, 32, , 36, , 
2020/4/3, 42, , 28, , 
2020/4/4, 52, , 28, , 
2020/4/5, 36, , 34, , 
2020/4/6, 45, , 36, , 
2020/4/7, 41, , 34, , 
2020/4/8, 29, , 34, , 
2020/4/9, 17, , 31, , 
2020/4/10, 24, , 36, , 
2020/4/11, 29, , 31, , 
2020/4/12, 36, , 32, , 
2020/4/13, 27, , 31, , 
2020/4/14, 30, , 30, , 
2020/4/15, 33, , 32, , 
2020/4/16, 30, , 28, , 
2020/4/17, 35, , 37, , 
2020/4/18, 45, , 33, , 
2020/4/19, 42, , 36, , 
2020/4/20, 27, , 31, , 
2020/4/21, 19, , 28, , 
2020/4/22, 25, , 24, , 
2020/4/23, 52, , 30, , 
2020/4/24, 57, , 33, , 
2020/4/25, 43, , 34, , 
2020/4/26, 23, , 35, , 
2020/4/27, 34, , 39, , 
2020/4/28, 42, , 35, , 
2020/4/29, 29, , 26, , 
2020/4/30, 17, , 38, , 
2020/3/1, 41, , 28, , 
2020/3/2, 28, , 27, , 
2020/3/3, 30, , 30, , 
2020/3/4, 21, , 27, , 
2020/3/5, 36, , 25, , 
2020/3/6, 27, , 30, , 
2020/3/7, 34, , 32, , 
2020/3/8, 28, , 30, , 
2020/3/9, 48, , 25, , 
2020/3/10, 40, , 19, , 
2020/3/11, 55, , 18, , 
2020/3/12, 52, , 31, , 
2020/3/13, 27, , 25, , 
2020/3/14, 35, , 32, , 
2020/3/15, 30, , 19, , 
2020/3/16, 25, , 28, , 
2020/3/17, 38, , 17, , 
2020/3/18, 50, , 18, , 
2020/3/19, 49, , 26, , 
2020/3/20, 46, , 30, , 
2020/3/23, 37, , 29, , 
2020/3/24, 47, , 30, , 
2020/3/25, 53, , 27, , 
2020/3/26, 54, , 20, , 
2020/3/27, 45, , 22, , 
2020/3/28, 29, , 31, , 
2020/3/29, 20, , 28, , 
2020/3/30, 19, , 20, , 
2020/3/31, 24, , 22, , 
2020/2/1, 54, , , , 
2020/2/2, 33, , , , 
2020/2/3, 33, , , , 
2020/2/4, 34, , , , 
2020/2/5, 20, , , , 
2020/2/6, 34, , , , 
2020/2/7, 20, , , , 
2020/2/8, 49, , , , 
2020/2/9, 53, , , , 
2020/2/10, 40, , , , 
2020/2/11, 44, , , , 
2020/2/12, 42, , , , 
2020/2/13, 43, , , , 
2020/2/14, 21, , , , 
2020/2/15, 51, , , , 
2020/2/16, 45, , , , 
2020/2/17, 32, , , , 
2020/2/18, 39, , , , 
2020/2/19, 25, , , , 
2020/2/20, 26, , , , 
2020/2/21, 28, , , , 
2020/2/22, 34, , , , 
2020/2/23, 45, , , , 
2020/2/24, 64, , , , 
2020/2/25, 30, , 27, , 
2020/2/26, 21, , 29, , 
2020/2/27, 18, , 30, , 
2020/2/28, 29, , 32, , 
2020/2/29, 22, , 28, , 
2020/1/1, 31, , , , 
2020/1/2, 26, , , , 
2020/1/3, 49, , , , 
2020/1/4, 30, , , , 
2020/1/5, 25, , , , 
2020/1/6, 17, , , , 
2020/1/7, 33, , , , 
2020/1/8, 25, , , , 
2020/1/9, 30, , , , 
2020/1/10, 27, , , , 
2020/1/11, 25, , , , 
2020/1/12, 27, , , , 
2020/1/13, 40, , , , 
2020/1/14, 41, , , , 
2020/1/15, 59, , , , 
2020/1/16, 34, , , , 
2020/1/17, 21, , , , 
2020/1/18, 18, , , , 
2020/1/19, 38, , , , 
2020/1/20, 22, , , , 
2020/1/21, 27, , , , 
2020/1/22, 57, , , , 
2020/1/23, 67, , , , 
2020/1/24, 52, , , , 
2020/1/25, 27, , , , 
2020/1/26, 36, , , , 
2020/1/27, 21, , , , 
2020/1/28, 19, , , , 
2020/1/29, 23, , , , 
2020/1/30, 35, , , , 
2020/1/31, 47, , , , 
2019/10/1, 38, , 13, , 
2019/10/2, 29, , 13, , 
2019/10/3, 20, , 20, , 
2019/10/4, 17, , 24, , 
2019/10/5, 42, , 24, , 
2019/10/6, 38, , 24, , 
2019/10/7, 22, , 28, , 
2019/10/8, 32, , 27, , 
2019/10/9, 38, , 32, , 
2019/10/10, 31, , 18, , 
2019/10/11, 22, , 27, , 
2019/10/12, 31, , 30, , 
2019/10/13, 22, , 19, , 
2019/10/14, 25, , , , 
2019/10/16, 18, , 22, , 
2019/10/17, 25, , 21, , 
2019/10/18, 39, , 27, , 
2019/10/19, 56, , 27, , 
2019/10/20, 73, , 24, , 
2019/10/21, 49, , 22, , 
2019/10/22, 20, , 25, , 
2019/10/23, 25, , 24, , 
2019/10/24, 24, , 13, , 
2019/10/25, 32, , 16, , 
2019/10/26, 46, , 24, , 
2019/10/27, 32, , 29, , 
2019/10/28, 41, , 13, , 
2019/10/29, 44, , 13, , 
2019/10/30, 20, , 16, , 
2019/10/31, 9, , 16, , 
2019/11/1, 33, , , , 
2019/11/2, 27, , , , 
2019/11/3, 25, , , , 
2019/11/4, 27, , , , 
2019/11/5, 24, , , , 
2019/11/6, 55, , , , 
2019/11/7, 21, , , , 
2019/11/8, 23, , , , 
2019/11/9, 41, , , , 
2019/11/10, 55, , , , 
2019/11/11, 24, , , , 
2019/11/12, 20, , , , 
2019/11/13, 40, , , , 
2019/11/14, 57, , , , 
2019/11/15, 66, , , , 
2019/11/16, 23, , , , 
2019/11/17, 39, , , , 
2019/11/18, 64, , , , 
2019/11/19, 75, , , , 
2019/11/20, 66, , , , 
2019/11/21, 53, , , , 
2019/11/22, 26, , , , 
2019/11/23, 34, , , , 
2019/11/24, 64, , , , 
2019/11/25, 52, , , , 
2019/11/26, 62, , , , 
2019/11/27, 33, , , , 
2019/11/28, 20, , , , 
2019/11/29, 13, , , , 
2019/11/30, 30, , , , 
2019/12/1, 24, , , , 
2019/12/2, 19, , , , 
2019/12/3, 36, , , , 
2019/12/4, 41, , , , 
2019/12/5, 28, , , , 
2019/12/6, 30, , , , 
2019/12/7, 35, , , , 
2019/12/8, 55, , , , 
2019/12/9, 33, , , , 
2019/12/10, 27, , , , 
2019/12/11, 40, , , , 
2019/12/12, 53, , , , 
2019/12/13, 56, , , , 
2019/12/14, 71, , , , 
2019/12/15, 37, , , , 
2019/12/16, 51, , , , 
2019/12/17, 37, , , , 
2019/12/18, 39, , , , 
2019/12/19, 40, , , , 
2019/12/20, 54, , , , 
2019/12/21, 79, , , , 
2019/12/22, 65, , , , 
2019/12/23, 76, , , , 
2019/12/24, 65, , , , 
2019/12/25, 56, , , , 
2019/12/26, 60, , , , 
2019/12/27, 39, , , , 
2019/12/28, 58, , , , 
2019/12/29, 56, , , , 
2019/7/1, 37, 25, 42, , 
2019/7/2, 31, 13, 46, 5, 
2019/7/3, 33, 22, 40, 4, 
2019/7/4, 57, 20, 38, , 
2019/7/5, 39, 12, 34, , 
2019/7/6, 38, , 29, , 
2019/7/7, 50, 10, 36, 6, 
2019/7/8, 27, 21, 52, 10, 
2019/7/9, 45, 28, 47, 1, 
2019/7/10, 37, 22, 37, , 
2019/7/11, 33, 12, 35, , 
2019/7/12, 28, 28, 44, , 
2019/7/13, 44, 12, 34, 1, 
2019/7/14, 37, , 51, 6, 
2019/7/15, 40, 27, 22, , 
2019/7/16, 36, 14, 30, 3, 
2019/7/17, 25, 24, 33, 2, 
2019/7/18, 36, 25, 25, , 
2019/7/19, 33, 22, 32, , 
2019/7/20, 24, 9, 32, , 
2019/7/21, 23, 10, 25, , 
2019/7/22, 25, 15, 25, , 
2019/7/23, 33, 13, 29, , 
2019/7/24, 25, 21, 38, , 
2019/7/25, 36, 26, 47, 5, 
2019/7/26, 44, 41, 45, , 
2019/7/27, 50, 29, 43, , 
2019/7/28, 46, 35, 33, , 
2019/7/29, 45, 12, 33, , 
2019/7/30, 31, 7, 32, 2, 
2019/7/31, 20, 11, 39, 2, 
2019/8/1, 24, 16, 41, 4, 
2019/8/2, 27, 23, 36, 1, 
2019/8/3, 35, 17, 33, , 
2019/8/4, 38, 19, 42, , 
2019/8/5, 46, , 36, , 
2019/8/6, 37, 15, 32, , 
2019/8/7, 31, 14, 30, , 
2019/8/8, 29, 13, 18, , 
2019/8/9, 29, , , , 
2019/8/13, 35, 11, 13, , 
2019/8/14, 32, 12, 30, 2, 
2019/8/15, 23, 15, 35, , 
2019/8/16, 32, 15, 34, , 
2019/8/17, 29, 15, 31, , 
2019/8/18, 29, 14, 32, , 
2019/8/19, 26, 15, 39, 7, 
2019/8/20, 34, , 39, , 
2019/8/21, 27, , 26, , 
2019/8/22, 25, , 22, , 
2019/8/23, 20, , 26, , 
2019/8/24, 22, , 27, , 
2019/8/25, 22, , 25, , 
2019/8/26, 27, , 29, , 
2019/8/27, 18, , 28, , 
2019/8/28, 29, , 30, , 
2019/8/29, 22, , 28, , 
2019/8/30, 20, , 27, , 
2019/8/31, 27, , 20, , 
2019/9/1, 28, , 29, , 
2019/9/2, 33, , 26, , 
2019/9/3, 35, , 23, , 
2019/9/4, 24, , 32, , 
2019/9/5, 32, , 28, , 
2019/9/6, 35, , 25, , 
2019/9/7, 20, , 21, , 
2019/9/8, 25, , 21, , 
2019/9/9, 22, , 38, , 
2019/9/10, 40, , 34, , 
2019/9/11, 40, , 19, , 
2019/9/12, 21, , 29, , 
2019/9/13, 31, , 29, , 
2019/9/14, 22, , 26, , 
2019/9/15, 38, , 32, , 
2019/9/16, 39, , 34, , 
2019/9/17, 45, , 29, , 
2019/9/18, 32, , 39, , 
2019/9/19, 32, , 47, , 
2019/9/20, 53, , 34, , 
2019/9/21, 50, , 35, , 
2019/9/22, 44, , 28, , 
2019/9/23, 25, , 31, , 
2019/9/24, 21, , 33, , 
2019/9/25, 31, , 27, , 
2019/9/26, 29, , 31, , 
2019/9/27, 33, , 23, , 
2019/9/28, 26, , 13, , 
2019/9/29, 20, , 23, , 
2019/9/30, 33, , 26, , 
2019/4/1, 21, 26, 34, 1, 
2019/4/2, 28, 22, 37, , 
2019/4/3, 33, 15, 27, 3, 
2019/4/4, 33, 20, 35, , 
2019/4/5, 46, 25, 44, 1, 
2019/4/6, 59, 16, 41, 1, 
2019/4/7, 56, 17, 39, , 
2019/4/8, 25, 26, 37, , 
2019/4/9, 29, 9, 25, 3, 
2019/4/10, 19, 11, 27, 2, 
2019/4/11, 22, 29, 34, , 
2019/4/12, 25, 21, 40, , 
2019/4/13, 19, 3, 28, , 
2019/4/14, 11, 10, 37, , 
2019/4/15, 21, 20, 32, 5, 
2019/4/16, 31, 10, 32, 1, 
2019/4/17, 27, 25, 32, , 
2019/4/18, 25, 3, 28, , 
2019/4/19, 10, 4, 29, , 
2019/4/20, 12, 10, 34, 1, 
2019/4/21, 22, 18, 39, 1, 
2019/4/22, 31, 20, 33, 1, 
2019/4/23, 29, 15, 34, 1, 
2019/4/24, 32, 19, 31, , 
2019/4/25, 32, 13, 39, , 
2019/4/26, 40, 10, 38, , 
2019/4/27, 28, 6, 38, 2, 
2019/4/28, 24, 9, 25, , 
2019/4/29, 34, 13, 26, 3, 
2019/4/30, 44, 14, 30, , 
2019/5/1, 34, 17, 24, 1, 
2019/5/2, 33, 10, 22, , 
2019/5/3, 19, 8, 33, 1, 
2019/5/4, 24, 17, 41, 5, 
2019/5/5, 43, 22, 6, , 
2019/5/6, 69, 6, 24, 2, 
2019/5/7, 33, 11, 31, 2, 
2019/5/8, 18, 25, 32, , 
2019/5/9, 32, 11, 32, , 
2019/5/10, 25, 9, 32, 5, 
2019/5/11, 37, 6, 27, 3, 
2019/5/12, 28, 3, 17, , 
2019/5/13, 16, , 36, , 
2019/5/14, 26, 29, 45, , 
2019/5/15, 39, 44, 43, 1, 
2019/5/16, 34, 23, 28, , 
2019/5/17, 51, , , , 
2019/5/20, 23, 17, 25, 3, 
2019/5/21, 25, 18, 30, 3, 
2019/5/22, 28, 54, 39, , 
2019/5/23, 26, 18, 31, 2, 
2019/5/24, 24, 25, 38, , 
2019/5/25, 25, 15, 28, 8, 
2019/5/26, 35, 19, 1, , 
2019/5/27, 67, 22, 35, , 
2019/5/28, 37, 18, 24, 2, 
2019/5/29, 35, 25, 28, , 
2019/5/30, 30, 37, 38, , 
2019/5/31, 40, 27, 34, , 
2019/6/1, 41, 12, 32, , 
2019/6/2, 53, 9, 20, , 
2019/6/4, 34, 23, 44, , 
2019/6/5, 34, 20, 46, 1, 
2019/6/6, 46, 21, 44, , 
2019/6/7, 51, 17, 37, 3, 
2019/6/8, 36, 15, 34, , 
2019/6/9, 33, 10, 24, , 
2019/6/10, 22, 19, 41, , 
2019/6/11, 32, 20, 45, 4, 
2019/6/12, 34, 11, 35, , 
2019/6/13, 20, 28, 40, , 
2019/6/14, 21, 34, 33, , 
2019/6/15, 26, 11, 18, , 
2019/6/16, 38, 13, 23, 1, 
2019/6/17, 34, 23, 46, , 
2019/6/18, 51, 24, 48, , 
2019/6/19, 42, 11, 28, , 
2019/6/20, 36, 14, 27, , 
2019/6/21, 23, 12, 37, , 
2019/6/22, 30, 12, 41, , 
2019/6/23, 42, 24, 33, , 
2019/6/24, 27, 20, 43, , 
2019/6/25, 30, 25, 46, , 
2019/6/26, 37, 26, 52, 2, 
2019/6/27, 36, 19, 45, 2, 
2019/6/28, 41, , 45, , 
2019/6/29, 39, , 32, 1, 
2019/6/30, 37, , 46, , 
2019/1/1, 30, 6, 19, 1, 
2019/1/2, 23, 14, 17, , 
2019/1/3, 47, 24, 14, 1, 
2019/1/4, 60, 18, 15, 1, 
2019/1/7, 44, 10, 18, , 
2019/1/8, 36, 10, 19, , 
2019/1/9, 24, 19, 24, , 
2019/1/10, 23, 14, 20, 6, 
2019/1/11, 28, 9, 23, 1, 
2019/1/12, 35, 8, 20, 3, 
2019/1/13, 29, 21, 16, 1, 
2019/1/14, 36, 20, 18, , 
2019/1/15, 32, 13, 19, , 
2019/1/16, 22, 9, 21, , 
2019/1/17, 35, 12, 15, , 
2019/1/18, 36, 4, 23, 3, 
2019/1/19, 16, 7, 27, , 
2019/1/20, 24, 11, 23, , 
2019/1/21, 28, 10, 23, 3, 
2019/1/22, 37, 8, 19, , 
2019/1/23, 19, 14, 22, , 
2019/1/24, 30, 25, 23, , 
2019/1/25, 27, 12, 24, , 
2019/1/26, 27, 8, 27, , 
2019/1/27, 32, 10, 22, 1, 
2019/1/28, 37, 14, 25, , 
2019/1/29, 27, 19, 25, , 
2019/1/30, 27, 17, 23, , 
2019/1/31, 30, 16, 23, 4, 
2019/2/1, 37, 21, 25, 2, 
2019/2/2, 58, 16, 28, 1, 
2019/2/3, 43, 13, 18, 1, 
2019/2/4, 46, 7, 18, , 
2019/2/5, 28, 6, 17, , 
2019/2/6, 31, 5, 12, , 
2019/2/7, 29, 24, 24, , 
2019/2/8, 28, 12, 26, 1, 
2019/2/9, 26, 11, 24, , 
2019/2/10, 35, 9, 24, 3, 
2019/2/11, 35, 7, 23, , 
2019/2/12, 19, 14, 27, , 
2019/2/13, 32, 14, 20, 1, 
2019/2/14, 27, 14, 25, , 
2019/2/15, 32, 8, 26, 1, 
2019/2/16, 22, 7, 30, 2, 
2019/2/17, 31, 11, 25, , 
2019/2/18, 32, 25, 24, 1, 
2019/2/19, 43, 9, 28, , 
2019/2/20, 31, 15, 29, , 
2019/2/21, 41, 19, 33, 3, 
2019/2/22, 52, 10, 29, 1, 
2019/2/23, 40, , , , 
2019/2/25, 35, 13, 24, 3, 
2019/2/26, 33, 9, 24, , 
2019/2/27, 29, 12, 29, 6, 
2019/2/28, 38, 10, 28, 6, 
2019/3/1, 53, 11, 35, 3, 
2019/3/2, 42, 7, 30, , 
2019/3/3, 34, 15, 29, , 
2019/3/4, 26, 26, 31, , 
2019/3/5, 35, 15, 31, , 
2019/3/6, 31, 23, 34, , 
2019/3/7, 34, 29, 35, 3, 
2019/3/8, 49, 17, 40, 1, 
2019/3/9, 44, 13, 36, , 
2019/3/10, 32, 14, 38, , 
2019/3/11, 30, 21, 39, , 
2019/3/12, 35, 22, 25, 1, 
2019/3/13, 35, 21, 30, 1, 
2019/3/14, 36, 13, 30, , 
2019/3/15, 19, 8, 33, , 
2019/3/16, 20, 9, 31, 4, 
2019/3/17, 25, 21, 30, , 
2019/3/18, 31, 30, 36, 1, 
2019/3/19, 40, 27, 32, 1, 
2019/3/20, 39, 14, 30, , 
2019/3/21, 35, 17, 32, , 
2019/3/22, 21, 12, 34, , 
2019/3/23, 25, 31, 33, 2, 
2019/3/24, 47, 13, 34, 4, 
2019/3/25, 18, 18, 34, 6, 
2019/3/26, 25, 25, 36, 1, 
2019/3/27, 31, 37, 47, 1, 
2019/3/28, 52, 7, 29, 5, 
2019/3/29, 19, 4, 27, , 
2019/3/30, 19, 7, 32, , 
2019/3/31, 17, 19, 33, , 
2018/10/1, 33, 13, 14, , 
2018/10/2, 29, 17, 27, 5, 
2018/10/3, 28, 13, 22, 1, 
2018/10/4, 25, 9, 17, 1, 
2018/10/5, 21, 13, 17, , 
2018/10/6, 30, 5, 11, 5, 
2018/10/7, 19, 20, 28, 3, 
2018/10/8, 45, 22, 30, 2, 
2018/10/9, 36, 13, 21, 1, 
2018/10/10, 18, 7, 18, , 
2018/10/11, 8, 5, 23, , 
2018/10/12, 11, 10, 26, , 
2018/10/13, 21, 15, 26, 1, 
2018/10/14, 30, 10, 21, , 
2018/10/15, 23, 27, 27, , 
2018/10/16, 15, 14, 21, , 
2018/10/17, 21, 17, 26, , 
2018/10/18, 20, 34, 24, 1, 
2018/10/19, 21, 10, 24, , 
2018/10/20, 24, 5, 22, , 
2018/10/21, 15, 20, 21, 1, 
2018/10/22, 28, 17, 21, , 
2018/10/23, 27, 11, 21, , 
2018/10/24, 20, 21, 20, 2, 
2018/10/25, 30, 9, 18, 6, 
2018/10/26, 30, 6, 13, 3, 
2018/10/27, 24, 5, 16, , 
2018/10/28, 20, 8, 19, , 
2018/10/29, 22, 18, 15, 1, 
2018/10/30, 32, 15, 19, 1, 
2018/10/31, 33, 8, 10, 1, 
2018/11/1, 21, 6, 15, 1, 
2018/11/2, 25, 9, 16, , 
2018/11/3, 33, 9, 20, , 
2018/11/4, 38, 18, 20, , 
2018/11/5, 27, 9, 15, , 
2018/11/6, 21, 10, 9, , 
2018/11/7, 20, 9, 13, , 
2018/11/8, 23, 5, 16, 1, 
2018/11/9, 21, 11, 19, , 
2018/11/10, 25, 15, 17, , 
2018/11/11, 27, 33, 4, , 
2018/11/12, 57, 7, 20, , 
2018/11/13, 24, 11, 22, 1, 
2018/11/14, 28, 5, 19, , 
2018/11/15, 24, 13, 15, , 
2018/11/16, 40, 9, 17, 1, 
2018/11/17, 31, 7, 15, 3, 
2018/11/18, 35, 15, 11, , 
2018/11/19, 34, 14, 20, , 
2018/11/20, 25, 17, 19, , 
2018/11/21, 33, 7, 23, 2, 
2018/11/22, 17, 15, 20, 1, 
2018/11/23, 38, 12, 19, , 
2018/11/24, 29, 8, 16, 1, 
2018/11/25, 25, 4, 14, 3, 
2018/11/26, 16, 11, 20, , 
2018/11/27, 16, 10, 19, , 
2018/11/28, 25, 12, 14, , 
2018/11/29, 38, 23, 7, 1, 
2018/11/30, 55, 9, 16, , 
2018/12/1, 34, 10, 21, 1, 
2018/12/2, 25, 6, 13, , 
2018/12/3, 20, 11, 22, , 
2018/12/4, 18, 15, 15, , 
2018/12/5, 25, 21, 17, , 
2018/12/6, 29, 14, 17, , 
2018/12/7, 28, 13, 21, , 
2018/12/8, 32, 13, 15, 1, 
2018/12/9, 45, 15, 12, , 
2018/12/10, 42, 26, 15, , 
2018/12/11, 47, 18, 12, 1, 
2018/12/12, 56, 17, 13, 1, 
2018/12/13, 54, 19, 5, 1, 
2018/12/14, 52, 9, 8, 5, 
2018/12/15, 29, 11, 12, 4, 
2018/12/16, 37, 15, 17, , 
2018/12/17, 28, 13, 16, 1, 
2018/12/18, 29, 20, 10, 1, 
2018/12/19, 46, 16, 5, , 
2018/12/20, 45, 7, 10, , 
2018/12/21, 26, 7, 17, , 
2018/12/22, 23, 11, 14, , 
2018/12/23, 30, 10, 16, , 
2018/12/24, 24, 10, 14, 1, 
2018/12/25, 31, 18, 14, 1, 
2018/12/26, 46, 11, 18, 1, 
2018/12/27, 36, 10, 19, , 
2018/12/28, 20, 7, 20, , 
2018/12/29, 19, 12, 18, , 
2018/12/30, 25, , , , 
2018/7/1, 52, 18, 39, , 
2018/7/2, 34, 17, 47, 1, 
2018/7/3, 43, 21, 43, 2, 
2018/7/4, 62, 25, 39, , 
2018/7/5, 55, 8, 35, , 
2018/7/6, 14, 8, 38, 1, 
2018/7/7, 21, 15, 54, 6, 
2018/7/8, 42, 20, 51, , 
2018/7/9, 38, 18, 45, 3, 
2018/7/10, 40, 19, 36, 4, 
2018/7/11, 38, 21, 42, 12, 
2018/7/12, 40, 26, 62, 8, 
2018/7/13, 43, 25, 46, , 
2018/7/14, 50, 19, 49, 1, 
2018/7/15, 48, 21, 39, , 
2018/7/16, 42, 11, 27, 2, 
2018/7/17, 17, 14, 39, 5, 
2018/7/18, 26, 19, 43, , 
2018/7/19, 37, 17, 37, 1, 
2018/7/20, 31, 10, 31, , 
2018/7/21, 31, 7, 40, , 
2018/7/22, 31, 27, 42, 7, 
2018/7/23, 50, 19, 33, , 
2018/7/24, 44, 18, 38, , 
2018/7/25, 45, 20, 33, , 
2018/7/26, 25, 13, 27, , 
2018/7/27, 20, 11, 29, , 
2018/7/28, 24, 18, 32, , 
2018/7/29, 32, 26, 40, 5, 
2018/7/30, 41, 18, 32, 2, 
2018/7/31, 51, 12, 35, , 
2018/8/1, 36, 19, 39, 1, 
2018/8/2, 40, 20, 43, 1, 
2018/8/3, 46, 23, 55, 2, 
2018/8/4, 51, 28, 43, , 
2018/8/5, 56, 23, 32, , 
2018/8/6, 51, 17, 38, , 
2018/8/7, 39, 13, 40, , 
2018/8/8, 41, 22, 32, , 
2018/8/9, 54, 14, 37, 6, 
2018/8/10, 47, 18, 34, 5, 
2018/8/11, 36, 19, 35, 7, 
2018/8/12, 50, 23, 43, 5, 
2018/8/13, 53, 25, 41, , 
2018/8/14, 61, 31, 38, , 
2018/8/15, 65, 22, 15, , 
2018/8/16, 41, 14, 27, , 
2018/8/17, 30, 17, 34, 2, 
2018/8/18, 52, 15, 27, , 
2018/8/19, 50, 18, 32, , 
2018/8/20, 49, 12, 19, , 
2018/8/21, 37, 14, 24, , 
2018/8/22, 37, 20, 30, , 
2018/8/23, 34, 27, 37, 1, 
2018/8/24, 43, 21, 30, , 
2018/8/25, 51, 27, 29, , 
2018/8/26, 68, 36, 33, , 
2018/8/27, 66, 33, 31, , 
2018/8/28, 68, 13, 32, , 
2018/8/29, 27, 10, 37, 4, 
2018/8/30, 24, 18, 39, , 
2018/8/31, 26, 19, 25, , 
2018/9/4, 36, 32, 33, , 
2018/9/5, 39, 8, 21, , 
2018/9/6, 21, 9, 24, 1, 
2018/9/7, 17, 9, 20, 2, 
2018/9/8, 20, 7, 18, 1, 
2018/9/9, 15, 7, 13, , 
2018/9/10, 19, 12, 36, 1, 
2018/9/11, 25, 19, 28, 1, 
2018/9/12, 37, 21, 19, , 
2018/9/13, 46, 28, 41, 2, 
2018/9/14, 43, 18, 36, 3, 
2018/9/15, 54, 11, 25, 1, 
2018/9/16, 37, 20, 43, 3, 
2018/9/17, 36, 23, 39, 1, 
2018/9/18, 37, 14, 30, 8, 
2018/9/19, 38, 12, 32, , 
2018/9/20, 32, 25, 33, , 
2018/9/21, 30, 8, 25, 2, 
2018/9/22, 24, 13, 31, 2, 
2018/9/23, 36, 12, 13, , 
2018/9/24, 29, 10, 14, , 
2018/9/25, 18, 10, 26, , 
2018/9/26, 17, 21, 24, , 
2018/9/27, 30, 20, 25, , 
2018/9/28, 27, 8, 26, , 
2018/9/29, 21, 8, 16, 2, 
2018/9/30, 34, 9, 14, 1, 
2018/4/1, 18, , 34, , 
2018/4/2, 37, , 23, , 
2018/4/3, 25, , 32, , 
2018/4/4, 19, , 37, , 
2018/4/5, 20, , 37, , 
2018/4/6, 22, , 32, , 
2018/4/7, 21, , 38, , 
2018/4/8, 27, , 33, , 
2018/4/9, 32, , 40, , 
2018/4/10, 30, , 32, , 
2018/4/11, 36, , 40, , 
2018/4/12, 46, , 25, , 
2018/4/13, 36, , 27, , 
2018/4/14, 21, , 28, , 
2018/4/15, 15, , 28, , 
2018/4/16, 14, , 30, , 
2018/4/17, 17, , 31, , 
2018/4/18, 16, , 41, , 
2018/4/19, 19, , 40, , 
2018/4/20, 21, , 38, , 
2018/4/21, 34, , 43, , 
2018/4/22, 33, , 48, , 
2018/4/23, 41, , 33, , 
2018/4/24, 26, , 37, , 
2018/4/25, 23, , 37, , 
2018/4/26, 24, , 41, , 
2018/4/27, 40, , 31, , 
2018/4/28, 23, , 37, , 
2018/4/29, 28, , 46, , 
2018/4/30, 35, , 46, , 
2018/5/1, 40, , 42, , 
2018/5/2, 44, , 32, , 
2018/5/3, 28, , 38, , 
2018/5/4, 28, , 47, , 
2018/5/5, 32, , 44, , 
2018/5/6, 43, , 40, , 
2018/5/7, 27, , 46, , 
2018/5/8, 33, , 48, , 
2018/5/9, 42, , 36, , 
2018/5/10, 31, , 24, , 
2018/5/11, 21, , , , 
2018/5/12, 33, , , , 
2018/5/13, 35, , 31, , 
2018/5/14, 37, 13, 43, 3, 
2018/5/15, 31, 23, 51, 5, 
2018/5/16, 39, 31, 51, 3, 
2018/5/17, 46, 23, 37, 4, 
2018/5/18, 30, 14, 28, , 
2018/5/19, 32, 11, 27, , 
2018/5/20, 30, 11, 35, 2, 
2018/5/21, 27, 17, 28, , 
2018/5/22, 35, 23, 45, 1, 
2018/5/23, 30, 33, 48, 2, 
2018/5/24, 40, 34, 58, 1, 
2018/5/25, 44, 30, 46, , 
2018/5/26, 59, 26, 21, , 
2018/5/27, 57, , , , 
2018/6/4, 14, 12, 29, 2, 
2018/6/5, 22, 16, 42, 1, 
2018/6/6, 23, 25, 48, 3, 
2018/6/7, 41, 22, 39, 4, 
2018/6/8, 48, 14, , 3, 
2018/6/9, 40, 8, , , 
2018/6/10, 29, 12, 37, , 
2018/6/11, 26, 21, 32, 2, 
2018/6/12, 50, 21, 39, , 
2018/6/13, 34, 22, 38, 1, 
2018/6/14, 23, 23, 57, 4, 
2018/6/15, 36, 25, 40, , 
2018/6/16, 40, 34, 48, , 
2018/6/17, 60, 31, 36, , 
2018/6/18, 53, 10, 27, 3, 
2018/6/19, 19, 11, 33, 4, 
2018/6/20, 34, 20, 45, 6, 
2018/6/21, 43, 10, 26, 4, 
2018/6/22, 33, 10, 32, , 
2018/6/23, 36, 9, 27, , 
2018/6/24, 31, 12, 33, 5, 
2018/6/25, 37, 14, 39, 1, 
2018/6/26, 34, 10, 30, , 
2018/6/27, 27, 22, 45, 1, 
2018/6/28, 48, 26, 50, 1, 
2018/6/29, 52, 25, 41, , 
2018/6/30, 63, 20, 39, , 
2018/1/1, 29, , , , 
2018/1/2, 34, , , , 
2018/1/3, 36, , , , 
2018/1/4, 14, , , , 
2018/1/5, 23, , , , 
2018/1/6, 37, , , , 
2018/1/7, 39, , , , 
2018/1/8, 39, , , , 
2018/1/9, 56, , , , 
2018/1/10, 40, , , , 
2018/1/11, 11, , , , 
2018/1/12, 13, , , , 
2018/1/13, 22, , , , 
2018/1/14, 31, , , , 
2018/1/15, 37, , , , 
2018/1/16, 48, , , , 
2018/1/17, 42, , , , 
2018/1/18, 40, , , , 
2018/1/19, 46, , , , 
2018/1/20, 43, , , , 
2018/1/21, 49, , , , 
2018/1/22, 29, , , , 
2018/1/23, 21, , , , 
2018/1/24, 24, , , , 
2018/1/25, 31, , , , 
2018/1/26, 34, , , , 
2018/1/27, 43, , , , 
2018/1/28, 35, , , , 
2018/1/29, 19, , , , 
2018/1/30, 19, , , , 
2018/1/31, 27, , , , 
2018/2/1, 34, , , , 
2018/2/2, 20, , , , 
2018/2/3, 21, , , , 
2018/2/4, 27, , , , 
2018/2/5, 25, , , , 
2018/2/6, 38, , , , 
2018/2/7, 41, , , , 
2018/2/8, 43, , , , 
2018/2/9, 45, , , , 
2018/2/10, 45, , , , 
2018/2/11, 36, , , , 
2018/2/12, 33, , , , 
2018/2/13, 36, , , , 
2018/2/14, 47, , , , 
2018/2/15, 21, , , , 
2018/2/16, 31, , , , 
2018/2/17, 34, , , , 
2018/2/18, 37, , , , 
2018/2/19, 36, , , , 
2018/2/20, 29, , , , 
2018/2/21, 22, , , , 
2018/2/22, 21, , , , 
2018/2/23, 24, , , , 
2018/2/24, 20, , , , 
2018/2/25, 25, , , , 
2018/2/26, 24, , , , 
2018/2/27, 26, , 28, , 
2018/2/28, 39, , 28, , 
2018/3/1, 29, , 31, , 
2018/3/2, 27, , 32, , 
2018/3/3, 22, , 32, , 
2018/3/4, 20, , 28, , 
2018/3/5, 18, , 26, , 
2018/3/6, 32, , 28, , 
2018/3/7, 29, , 27, , 
2018/3/8, 20, , 29, , 
2018/3/9, 23, , 34, , 
2018/3/10, 27, , 36, , 
2018/3/11, 28, , 31, , 
2018/3/12, 33, , 32, , 
2018/3/13, 26, , 33, , 
2018/3/14, 23, , 33, , 
2018/3/15, 27, , 31, , 
2018/3/16, 28, , 35, , 
2018/3/17, 32, , 37, , 
2018/3/18, 35, , 32, , 
2018/3/19, 21, , 29, , 
2018/3/20, 22, , 32, , 
2018/3/21, 23, , 35, , 
2018/3/22, 23, , 32, , 
2018/3/23, 21, , 35, , 
2018/3/24, 21, , 32, , 
2018/3/25, 23, , 37, , 
2018/3/26, 33, , 25, , 
2018/3/27, 24, , 22, , 
2018/3/28, 40, , 24, , 
2018/3/29, 36, , 34, , 
2018/3/30, 20, , 29, , 
2018/3/31, 27, , 36, , 
2017/10/1, 40, , 37, , 
2017/10/2, 48, , 37, , 
2017/10/3, 59, , 25, , 
2017/10/4, 42, , 33, , 
2017/10/5, 34, , 13, , 
2017/10/6, 40, , 32, , 
2017/10/7, 49, , 20, , 
2017/10/8, 18, , 35, , 
2017/10/9, 33, , 21, , 
2017/10/10, 37, , 20, , 
2017/10/11, 20, , 16, , 
2017/10/12, 33, , 26, , 
2017/10/13, 39, , 15, , 
2017/10/14, 54, , 23, , 
2017/10/15, 32, , 21, , 
2017/10/16, 20, , 31, , 
2017/10/17, 28, , 34, , 
2017/10/18, 35, , 33, , 
2017/10/19, 38, , 35, , 
2017/10/20, 44, , 38, , 
2017/10/21, 56, , 33, , 
2017/10/22, 44, , 23, , 
2017/10/23, 31, , 23, , 
2017/10/24, 12, , 21, , 
2017/10/25, 12, , 25, , 
2017/10/26, 23, , 19, , 
2017/10/27, 34, , 17, , 
2017/10/28, 18, , 15, , 
2017/10/29, 23, , 19, , 
2017/10/30, 24, , 18, , 
2017/10/31, 23, , 8, , 
2017/11/1, 33, , , , 
2017/11/2, 41, , , , 
2017/11/3, 27, , , , 
2017/11/4, 25, , , , 
2017/11/5, 38, , , , 
2017/11/6, 23, , , , 
2017/11/7, 28, , , , 
2017/11/8, 35, , , , 
2017/11/9, 37, , , , 
2017/11/10, 20, , , , 
2017/11/11, 27, , , , 
2017/11/12, 50, , , , 
2017/11/13, 44, , , , 
2017/11/14, 50, , , , 
2017/11/15, 30, , , , 
2017/11/16, 17, , , , 
2017/11/17, 21, , , , 
2017/11/18, 23, , , , 
2017/11/19, 23, , , , 
2017/11/20, 27, , , , 
2017/11/21, 27, , , , 
2017/11/22, 19, , , , 
2017/11/23, 32, , , , 
2017/11/24, 36, , , , 
2017/11/25, 29, , , , 
2017/11/26, 25, , , , 
2017/11/27, 50, , , , 
2017/11/28, 32, , , , 
2017/11/29, 23, , , , 
2017/11/30, 37, , , , 
2017/12/1, 35, , , , 
2017/12/2, 55, , , , 
2017/12/3, 51, , , , 
2017/12/4, 49, , , , 
2017/12/5, 26, , , , 
2017/12/6, 20, , , , 
2017/12/7, 23, , , , 
2017/12/8, 22, , , , 
2017/12/9, 38, , , , 
2017/12/10, 27, , , , 
2017/12/11, 27, , , , 
2017/12/12, 16, , , , 
2017/12/13, 20, , , , 
2017/12/14, 25, , , , 
2017/12/15, 27, , , , 
2017/12/16, 32, , , , 
2017/12/17, 41, , , , 
2017/12/18, 41, , , , 
2017/12/19, 34, , , , 
2017/12/20, 22, , , , 
2017/12/21, 28, , , , 
2017/12/22, 41, , , , 
2017/12/23, 36, , , , 
2017/12/24, 29, , , , 
2017/12/25, 25, , , , 
2017/12/26, 24, , , , 
2017/12/27, 38, , , , 
2017/12/28, 35, , , , 
2017/12/29, 43, , , , 
2017/12/30, 32, , , , 
2017/12/31, 26, , , , 
2017/7/1, 25, , 39, , 
2017/7/2, 33, , 41, , 
2017/7/3, 34, , 36, , 
2017/7/4, 42, , 48, , 
2017/7/5, 77, , 60, , 
2017/7/6, 46, , 41, , 
2017/7/7, 30, , 25, , 
2017/7/8, 23, , 34, , 
2017/7/9, 25, , 33, , 
2017/7/10, 29, , 35, , 
2017/7/11, 40, , 31, , 
2017/7/12, 37, , 34, , 
2017/7/13, 34, , 29, , 
2017/7/14, 24, , 32, , 
2017/7/15, 22, , 32, , 
2017/7/16, 36, , 34, , 
2017/7/17, 40, , 50, , 
2017/7/18, 51, , 46, , 
2017/7/19, 50, , 38, , 
2017/7/20, 31, , 61, , 
2017/7/21, 41, , 36, , 
2017/7/22, 32, , 35, , 
2017/7/23, 28, , 22, , 
2017/7/24, 21, , 45, , 
2017/7/25, 31, , 36, , 
2017/7/26, 29, , 56, , 
2017/7/27, 40, , 25, , 
2017/7/28, 23, , 26, , 
2017/7/29, 27, , 26, , 
2017/7/30, 40, , 40, , 
2017/7/31, 34, , 51, , 
2017/8/1, 41, , 41, , 
2017/8/2, 43, , 43, , 
2017/8/3, 46, , 25, , 
2017/8/4, 22, , 24, , 
2017/8/5, 24, , 28, , 
2017/8/6, 37, , 32, , 
2017/8/7, 34, , 30, , 
2017/8/8, 38, , 38, , 
2017/8/9, 40, , 47, , 
2017/8/10, 52, , 41, , 
2017/8/11, 42, , 34, , 
2017/8/12, 27, , 36, , 
2017/8/13, 35, , 44, , 
2017/8/14, 34, , 42, , 
2017/8/15, 45, , 42, , 
2017/8/16, 41, , 26, , 
2017/8/17, 38, , 32, , 
2017/8/18, 17, , 30, , 
2017/8/19, 35, , 40, , 
2017/8/20, 52, , 43, , 
2017/8/21, 55, , 33, , 
2017/8/22, 31, , 26, , 
2017/8/23, 33, , 23, , 
2017/8/24, 27, , 32, , 
2017/8/25, 38, , 40, , 
2017/8/26, 45, , 40, , 
2017/8/27, 49, , 24, , 
2017/8/28, 49, , 25, , 
2017/8/29, 42, , 37, , 
2017/8/30, 38, , 25, , 
2017/8/31, 41, , 24, , 
2017/9/1, 27, , 29, , 
2017/9/2, 32, , 32, , 
2017/9/3, 45, , 34, , 
2017/9/4, 59, , 27, , 
2017/9/5, 32, , , , 
2017/9/10, 37, , 30, , 
2017/9/11, 40, , 35, , 
2017/9/12, 42, , 20, , 
2017/9/13, 47, , 36, , 
2017/9/14, 36, , 36, , 
2017/9/15, 36, , 34, , 
2017/9/16, 38, , 39, , 
2017/9/17, 51, , 22, , 
2017/9/18, 51, , 23, , 
2017/9/19, 39, , 40, , 
2017/9/20, 47, , 40, , 
2017/9/21, 55, , 51, , 
2017/9/22, 62, , 63, , 
2017/9/23, 59, , 43, , 
2017/9/24, 58, , 45, , 
2017/9/25, 65, , 46, , 
2017/9/26, 61, , 27, , 
2017/9/27, 36, , 25, , 
2017/9/28, 25, , 28, , 
2017/9/29, 29, , 33, , 
2017/9/30, 29, , 32, , 
2017/4/1, 31, , 37, , 
2017/4/2, 41, , 25, , 
2017/4/3, 48, , 28, , 
2017/4/4, 27, , 28, , 
2017/4/5, 22, , 27, , 
2017/4/6, 15, , 36, , 
2017/4/7, 16, , 40, , 
2017/4/8, 21, , 45, , 
2017/4/9, 36, , 39, , 
2017/4/10, 43, , 31, , 
2017/4/11, 29, , 34, , 
2017/4/12, 22, , 31, , 
2017/4/13, 25, , 40, , 
2017/4/14, 28, , 44, , 
2017/4/15, 41, , 42, , 
2017/4/16, 32, , 36, , 
2017/4/17, 25, , 37, , 
2017/4/18, 25, , 30, , 
2017/4/19, 39, , 20, , 
2017/4/20, 41, , 25, , 
2017/4/21, 13, , 36, , 
2017/4/22, 21, , 40, , 
2017/4/23, 39, , 40, , 
2017/4/24, 32, , 38, , 
2017/4/25, 26, , 41, , 
2017/4/26, 34, , 36, , 
2017/4/27, 27, , 31, , 
2017/4/28, 23, , 32, , 
2017/4/29, 22, , 24, , 
2017/4/30, 33, , 36, , 
2017/5/1, 22, , 31, , 
2017/5/2, 15, , 37, , 
2017/5/3, 23, , 33, , 
2017/5/4, 20, , 32, , 
2017/5/5, 15, , 32, , 
2017/5/6, 21, , 36, , 
2017/5/7, 18, , 38, , 
2017/5/8, 20, , 41, , 
2017/5/9, 28, , 43, , 
2017/5/10, 27, , 30, , 
2017/5/11, 24, , 40, , 
2017/5/12, 31, , 44, , 
2017/5/13, 45, , 32, , 
2017/5/14, 37, , 28, , 
2017/5/15, 22, , 54, , 
2017/5/16, 37, , 46, , 
2017/5/17, 45, , 47, , 
2017/5/18, 41, , 26, , 
2017/5/19, 16, , 26, , 
2017/5/20, 22, , 30, , 
2017/5/21, 30, , 42, , 
2017/5/22, 19, , 47, , 
2017/5/23, 38, , 31, , 
2017/5/24, 36, , 26, , 
2017/5/25, 30, , 31, , 
2017/5/26, 21, , 44, , 
2017/5/27, 43, , 40, , 
2017/5/28, 41, , 39, , 
2017/5/29, 26, , 37, , 
2017/5/30, 22, , 36, , 
2017/5/31, 23, , 35, , 
2017/6/1, 25, , 45, , 
2017/6/2, 34, , 45, , 
2017/6/3, 42, , 50, , 
2017/6/4, 45, , 34, , 
2017/6/5, 25, , 28, , 
2017/6/6, 18, , 34, , 
2017/6/7, 16, , 42, , 
2017/6/8, 26, , 45, , 
2017/6/9, 36, , 57, , 
2017/6/10, 43, , 51, , 
2017/6/11, 48, , 46, , 
2017/6/12, 46, , 51, , 
2017/6/13, 46, , 47, , 
2017/6/14, 41, , 51, , 
2017/6/15, 28, , 48, , 
2017/6/16, 31, , 48, , 
2017/6/17, 48, , 40, , 
2017/6/18, 24, , 30, , 
2017/6/19, 20, , 34, , 
2017/6/20, 17, , 35, , 
2017/6/21, 20, , 37, , 
2017/6/22, 39, , 31, , 
2017/6/23, 19, , 31, , 
2017/6/24, 23, , 28, , 
2017/6/25, 18, , 29, , 
2017/6/26, 16, , 27, , 
2017/6/27, 19, , 44, , 
2017/6/28, 31, , 47, , 
2017/6/29, 42, , 38, , 
2017/6/30, 29, , 37, , 
2017/1/2, 49, , , , 
2017/1/3, 20, , , , 
2017/1/4, 15, , , , 
2017/1/5, 23, , , , 
2017/1/6, 35, , , , 
2017/1/7, 34, , , , 
2017/1/8, 22, , , , 
2017/1/9, 37, , , , 
2017/1/10, 25, , , , 
2017/1/11, 43, , , , 
2017/1/12, 21, , , , 
2017/1/13, 29, , , , 
2017/1/14, 37, , , , 
2017/1/15, 48, , , , 
2017/1/16, 63, , , , 
2017/1/17, 30, , , , 
2017/1/18, 18, , , , 
2017/1/19, 30, , , , 
2017/1/20, 40, , , , 
2017/1/21, 35, , , , 
2017/1/22, 41, , , , 
2017/1/23, 31, , , , 
2017/1/24, 18, , , , 
2017/1/25, 31, , , , 
2017/1/26, 19, , , , 
2017/1/27, 21, , , , 
2017/1/28, 37, , , , 
2017/1/29, 22, , , , 
2017/1/30, 21, , , , 
2017/1/31, 32, , , , 
2017/2/1, 24, , , , 
2017/2/2, 23, , , , 
2017/2/3, 29, , , , 
2017/2/4, 24, , , , 
2017/2/5, 38, , , , 
2017/2/6, 51, , , , 
2017/2/7, 36, , , , 
2017/2/8, 22, , , , 
2017/2/9, 26, , , , 
2017/2/10, 24, , , , 
2017/2/11, 55, , , , 
2017/2/12, 39, , , , 
2017/2/13, 19, , , , 
2017/2/14, 22, , , , 
2017/2/15, 19, , , , 
2017/2/16, 23, , , , 
2017/2/17, 41, , , , 
2017/2/18, 43, , , , 
2017/2/19, 39, , , , 
2017/2/20, 32, , , , 
2017/2/21, 49, , , , 
2017/2/22, 57, , , , 
2017/2/23, 39, , , , 
2017/2/24, 33, , , , 
2017/2/25, 17, , , , 
2017/2/26, 28, , 30, , 
2017/2/27, 40, , 14, , 
2017/2/28, 40, , 24, , 
2017/3/1, 12, , 30, , 
2017/3/2, 19, , 31, , 
2017/3/3, 23, , 30, , 
2017/3/4, 25, , 28, , 
2017/3/5, 26, , 26, , 
2017/3/6, 48, , 30, , 
2017/3/7, 29, , 31, , 
2017/3/8, 18, , 25, , 
2017/3/9, 27, , 29, , 
2017/3/10, 18, , 28, , 
2017/3/11, 26, , 30, , 
2017/3/12, 23, , 25, , 
2017/3/13, 29, , 31, , 
2017/3/14, 21, , 34, , 
2017/3/15, 26, , 35, , 
2017/3/16, 33, , 25, , 
2017/3/17, 47, , 17, , 
2017/3/18, 38, , 37, , 
2017/3/19, 37, , 16, , 
2017/3/20, 45, , 35, , 
2017/3/21, 31, , 33, , 
2017/3/22, 26, , 33, , 
2017/3/23, 31, , 42, , 
2017/3/24, 51, , 25, , 
2017/3/25, 30, , 19, , 
2017/3/26, 45, , 23, , 
2017/3/27, 30, , 20, , 
2017/3/28, 32, , 30, , 
2017/3/29, 30, , 23, , 
2017/3/30, 24, , 23, , 
2017/3/31, 32, , 38, , 
2016/10/1, 25, , 29, , 
2016/10/2, 32, , 9, , 
2016/10/3, 30, , , , 
2016/10/4, 36, , , , 
2016/10/5, 44, , , , 
2016/10/6, 52, , , , 
2016/10/7, 39, , , , 
2016/10/8, 14, , , , 
2016/10/9, 23, , , , 
2016/10/10, 25, , , , 
2016/10/11, 33, , , , 
2016/10/12, 46, , , , 
2016/10/13, 17, , , , 
2016/10/14, 28, , , , 
2016/10/15, 40, , , , 
2016/10/16, 50, , , , 
2016/10/17, 39, , , , 
2016/10/18, 52, , , , 
2016/10/19, 31, , , , 
2016/10/20, 25, , , , 
2016/10/21, 16, , , , 
2016/10/22, 18, , , , 
2016/10/23, 41, , , , 
2016/10/24, 20, , , , 
2016/10/25, 26, , , , 
2016/10/26, 29, , , , 
2016/10/27, 21, , , , 
2016/10/28, 25, , , , 
2016/10/29, 67, , , , 
2016/10/30, 41, , , , 
2016/10/31, 28, , , , 
2016/11/1, 53, , , , 
2016/11/2, 81, , , , 
2016/11/3, 36, , , , 
2016/11/4, 20, , , , 
2016/11/5, 47, , , , 
2016/11/6, 59, , , , 
2016/11/7, 45, , , , 
2016/11/8, 52, , , , 
2016/11/9, 17, , , , 
2016/11/10, 23, , , , 
2016/11/11, 28, , , , 
2016/11/12, 32, , , , 
2016/11/13, 33, , , , 
2016/11/14, 41, , , , 
2016/11/15, 66, , , , 
2016/11/16, 40, , , , 
2016/11/17, 52, , , , 
2016/11/18, 43, , , , 
2016/11/19, 8, , , , 
2016/11/20, 12, , , , 
2016/11/21, 17, , , , 
2016/11/22, 29, , , , 
2016/11/23, 38, , , , 
2016/11/24, 34, , , , 
2016/11/25, 23, , , , 
2016/11/26, 19, , , , 
2016/11/27, 44, , , , 
2016/11/28, 47, , , , 
2016/11/29, 39, , , , 
2016/11/30, 35, , , , 
2016/12/1, 21, , , , 
2016/12/2, 19, , , , 
2016/12/3, 24, , , , 
2016/12/4, 29, , , , 
2016/12/5, 33, , , , 
2016/12/6, 44, , , , 
2016/12/7, 21, , , , 
2016/12/8, 27, , , , 
2016/12/9, 22, , , , 
2016/12/10, 26, , , , 
2016/12/11, 33, , , , 
2016/12/12, 42, , , , 
2016/12/13, 41, , , , 
2016/12/14, 25, , , , 
2016/12/15, 25, , , , 
2016/12/16, 33, , , , 
2016/12/17, 37, , , , 
2016/12/18, 29, , , , 
2016/12/19, 39, , , , 
2016/12/20, 39, , , , 
2016/12/21, 45, , , , 
2016/12/22, 29, , , , 
2016/12/23, 41, , , , 
2016/12/24, 25, , , , 
2016/12/25, 39, , , , 
2016/12/26, 50, , , , 
2016/12/27, 20, , , , 
2016/12/28, 24, , , , 
2016/12/29, 21, , , , 
2016/12/30, 21, , , , 
2016/12/31, 24, , , , 
2017/1/1, 43, , , , 
2016/7/1, 28, , 30, , 
2016/7/2, 20, , 41, , 
2016/7/3, 39, , 47, , 
2016/7/4, 79, , 40, , 
2016/7/5, 49, , 44, , 
2016/7/6, 32, , 41, , 
2016/7/7, 34, , 39, , 
2016/7/8, 24, , 32, , 
2016/7/9, 21, , 29, , 
2016/7/10, 29, , 46, , 
2016/7/11, 36, , 43, , 
2016/7/12, 44, , 38, , 
2016/7/13, 34, , 38, , 
2016/7/14, 25, , 24, , 
2016/7/15, 23, , 25, , 
2016/7/16, 20, , 37, , 
2016/7/17, 43, , 36, , 
2016/7/18, 32, , 33, , 
2016/7/19, 36, , 48, , 
2016/7/20, 40, , 34, , 
2016/7/21, 40, , 43, , 
2016/7/22, 35, , 38, , 
2016/7/23, 34, , 29, , 
2016/7/24, 38, , 36, , 
2016/7/25, 32, , 38, , 
2016/7/26, 26, , 40, , 
2016/7/27, 39, , 47, , 
2016/7/28, 40, , 37, , 
2016/7/29, 50, , 26, , 
2016/7/30, 42, , 34, , 
2016/7/31, 38, , 37, , 
2016/8/1, 28, , 46, , 
2016/8/2, 40, , 43, , 
2016/8/3, 35, , 56, , 
2016/8/4, 48, , 41, , 
2016/8/5, 46, , 29, , 
2016/8/6, 17, , 25, , 
2016/8/7, 17, , 37, , 
2016/8/8, 25, , 53, , 
2016/8/9, 46, , 56, , 
2016/8/10, 47, , 34, , 
2016/8/11, 47, , 29, , 
2016/8/12, 36, , 21, , 
2016/8/13, 29, , 21, , 
2016/8/14, 22, , 16, , 
2016/8/15, 34, , 21, , 
2016/8/16, 16, , 29, , 
2016/8/17, 23, , 33, , 
2016/8/18, 21, , 35, , 
2016/8/24, 43, , 31, , 
2016/8/25, 29, , 35, , 
2016/8/26, 28, , 32, , 
2016/8/27, 63, , 26, , 
2016/8/28, 35, , 36, , 
2016/8/29, 22, , 27, , 
2016/8/30, 25, , 27, , 
2016/8/31, 30, , 18, , 
2016/9/1, 17, , 25, , 
2016/9/7, 28, , 22, , 
2016/9/8, 31, , 32, , 
2016/9/9, 28, , 25, , 
2016/9/10, 23, , 20, , 
2016/9/11, 17, , 30, , 
2016/9/12, 26, , 39, , 
2016/9/13, 41, , 22, , 
2016/9/14, 24, , 24, , 
2016/9/15, 22, , 40, , 
2016/9/16, 40, , 23, , 
2016/9/17, 28, , 26, , 
2016/9/18, 29, , 32, , 
2016/9/19, 32, , 37, , 
2016/9/20, 34, , 41, , 
2016/9/21, 41, , 43, , 
2016/9/22, 48, , 30, , 
2016/9/23, 44, , 31, , 
2016/9/24, 23, , 31, , 
2016/9/25, 25, , 26, , 
2016/9/26, 23, , 29, , 
2016/9/27, 21, , 20, , 
2016/9/28, 33, , 21, , 
2016/9/29, 27, , 11, , 
2016/9/30, 19, , 26, , 
2016/4/4, 44, , 32, , 
2016/4/5, 29, , 26, , 
2016/4/6, 28, , 28, , 
2016/4/7, 28, , 31, , 
2016/4/8, 22, , 32, , 
2016/4/9, 24, , 27, , 
2016/4/10, 26, , 29, , 
2016/4/11, 33, , 30, , 
2016/4/12, 22, , 32, , 
2016/4/13, 26, , 35, , 
2016/4/14, 33, , 46, , 
2016/4/15, 41, , 53, , 
2016/4/16, 46, , 60, , 
2016/4/17, 54, , 62, , 
2016/4/18, 52, , 40, , 
2016/4/19, 37, , 39, , 
2016/4/20, 25, , 28, , 
2016/4/21, 34, , 28, , 
2016/4/22, 25, , 37, , 
2016/4/23, 21, , 41, , 
2016/4/24, 37, , 36, , 
2016/4/25, 38, , 24, , 
2016/4/26, 31, , 34, , 
2016/4/27, 22, , 28, , 
2016/4/28, 26, , 25, , 
2016/4/29, 29, , 28, , 
2016/4/30, 30, , 23, , 
2016/5/1, 28, , 23, , 
2016/5/2, 19, , 34, , 
2016/5/3, 24, , 26, , 
2016/5/4, 25, , 32, , 
2016/5/5, 29, , 41, , 
2016/5/6, 34, , 41, , 
2016/5/7, 46, , 36, , 
2016/5/8, 26, , 31, , 
2016/5/9, 37, , 27, , 
2016/5/10, 29, , 26, , 
2016/5/11, 42, , 39, , 
2016/5/12, 35, , 28, , 
2016/5/13, 19, , 22, , 
2016/5/14, 15, , 29, , 
2016/5/15, 15, , 34, , 
2016/5/16, 26, , 32, , 
2016/5/17, 36, , 32, , 
2016/5/18, 26, , 38, , 
2016/5/19, 40, , 38, , 
2016/5/20, 43, , 39, , 
2016/5/21, 39, , 39, , 
2016/5/22, 39, , 50, , 
2016/5/23, 37, , 52, , 
2016/5/24, 55, , 46, , 
2016/5/25, 56, , 38, , 
2016/5/26, 48, , 36, , 
2016/5/27, 39, , 37, , 
2016/5/28, 52, , 40, , 
2016/5/29, 38, , 37, , 
2016/5/30, 27, , 44, , 
2016/5/31, 35, , 42, , 
2016/6/1, 36, , 39, , 
2016/6/2, 31, , 38, , 
2016/6/3, 25, , 46, , 
2016/6/4, 47, , 29, , 
2016/6/5, 24, , 40, , 
2016/6/6, 21, , 22, , 
2016/6/7, 19, , 30, , 
2016/6/8, 17, , 31, , 
2016/6/9, 24, , 54, , 
2016/6/10, 46, , 48, , 
2016/6/11, 48, , 34, , 
2016/6/12, 16, , 33, , 
2016/6/13, 23, , 32, , 
2016/6/14, 21, , 23, , 
2016/6/15, 40, , 22, , 
2016/6/16, 34, , 39, , 
2016/6/17, 30, , 60, , 
2016/6/18, 45, , 54, , 
2016/6/19, 47, , 48, , 
2016/6/20, 49, , 38, , 
2016/6/21, 17, , 47, , 
2016/6/22, 33, , 39, , 
2016/6/23, 40, , 54, , 
2016/6/24, 31, , 48, , 
2016/6/25, 41, , 41, , 
2016/6/26, 52, , 41, , 
2016/6/27, 24, , 22, , 
2016/6/28, 16, , 35, , 
2016/6/29, 16, , 45, , 
2016/6/30, 25, , 34, , 
2016/1/4, 24, , , , 
2016/1/5, 31, , , , 
2016/1/6, 43, , , , 
2016/1/7, 48, , , , 
2016/1/8, 55, , , , 
2016/1/9, 26, , , , 
2016/1/10, 21, , , , 
2016/1/11, 23, , , , 
2016/1/12, 29, , , , 
2016/1/13, 30, , , , 
2016/1/14, 44, , , , 
2016/1/15, 43, , , , 
2016/1/16, 23, , , , 
2016/1/17, 26, , , , 
2016/1/18, 26, , , , 
2016/1/19, 31, , , , 
2016/1/20, 42, , , , 
2016/1/21, 52, , , , 
2016/1/22, 39, , , , 
2016/1/23, 22, , , , 
2016/1/24, 42, , , , 
2016/1/25, 43, , , , 
2016/1/26, 28, , , , 
2016/1/27, 19, , , , 
2016/1/28, 30, , , , 
2016/1/29, 20, , , , 
2016/1/30, 37, , , , 
2016/1/31, 44, , , , 
2016/2/1, 26, , , , 
2016/2/2, 38, , , , 
2016/2/3, 24, , , , 
2016/2/4, 24, , , , 
2016/2/5, 32, , , , 
2016/2/6, 35, , , , 
2016/2/7, 36, , , , 
2016/2/8, 28, , , , 
2016/2/9, 20, , , , 
2016/2/10, 17, , , , 
2016/2/11, 20, , , , 
2016/2/16, 53, , , , 
2016/2/17, 39, , , , 
2016/2/18, 37, , , , 
2016/2/19, 29, , , , 
2016/2/20, 18, , , , 
2016/2/21, 29, , , , 
2016/2/22, 24, , , , 
2016/2/23, 33, , , , 
2016/2/24, 17, , , , 
2016/2/25, 20, , , , 
2016/2/26, 21, , , , 
2016/2/27, 34, , , , 
2016/2/28, 41, , , , 
2016/2/29, 23, , , , 
2016/3/1, 17, , , , 
2016/3/2, 24, , , , 
2016/3/3, 38, , , , 
2016/3/4, 35, , , , 
2016/3/5, 53, , , , 
2016/3/6, 49, , , , 
2016/3/7, 38, , , , 
2016/3/8, 47, , , , 
2016/3/9, 49, , , , 
2016/3/10, 32, , , , 
2016/3/11, 23, , , , 
2016/3/12, 34, , , , 
2016/3/13, 34, , , , 
2016/3/14, 24, , , , 
2016/3/15, 27, , , , 
2016/3/16, 28, , , , 
2016/3/17, 20, , , , 
2016/3/18, 33, , , , 
2016/3/19, 16, , , , 
2016/3/20, 22, , , , 
2016/3/21, 22, , , , 
2016/3/22, 40, , , , 
2016/3/23, 50, , , , 
2016/3/24, 45, , , , 
2016/3/25, 26, , , , 
2016/3/26, 38, , , , 
2016/3/27, 49, , , , 
2016/3/28, 27, , , , 
2016/3/29, 16, , , , 
2015/10/1, 19, , 14, , 
2015/10/2, 18, , , , 
2015/10/3, 25, , , , 
2015/10/4, 50, , , , 
2015/10/5, 55, , , , 
2015/10/6, 54, , , , 
2015/10/7, 39, , , , 
2015/10/8, 42, , , , 
2015/10/9, 32, , , , 
2015/10/10, 22, , , , 
2015/10/11, 37, , , , 
2015/10/12, 48, , , , 
2015/10/13, 19, , , , 
2015/10/14, 21, , , , 
2015/10/15, 24, , , , 
2015/10/16, 20, , , , 
2015/10/17, 18, , , , 
2015/10/18, 29, , , , 
2015/10/19, 30, , , , 
2015/10/20, 48, , , , 
2015/10/21, 53, , , , 
2015/10/22, 41, , , , 
2015/10/23, 25, , , , 
2015/10/24, 41, , , , 
2015/10/25, 21, , , , 
2015/10/26, 39, , , , 
2015/10/27, 31, , , , 
2015/10/28, 16, , , , 
2015/10/29, 26, , , , 
2015/10/30, 26, , , , 
2015/10/31, 31, , , , 
2015/11/1, 27, , , , 
2015/11/2, 40, , , , 
2015/11/3, 48, , , , 
2015/11/4, 60, , , , 
2015/11/5, 64, , , , 
2015/11/6, 24, , , , 
2015/11/7, 21, , , , 
2015/11/8, 40, , , , 
2015/11/9, 52, , , , 
2015/11/10, 44, , , , 
2015/11/11, 49, , , , 
2015/11/12, 27, , , , 
2015/11/13, 24, , , , 
2015/11/14, 23, , , , 
2015/11/15, 42, , , , 
2015/11/16, 50, , , , 
2015/11/17, 47, , , , 
2015/11/18, 35, , , , 
2015/11/19, 18, , , , 
2015/11/20, 18, , , , 
2015/11/21, 20, , , , 
2015/11/22, 25, , , , 
2015/11/23, 32, , , , 
2015/11/24, 54, , , , 
2015/11/25, 43, , , , 
2015/11/26, 29, , , , 
2015/11/27, 21, , , , 
2015/11/28, 24, , , , 
2015/11/29, 36, , , , 
2015/11/30, 34, , , , 
2015/12/1, 29, , , , 
2015/12/2, 32, , , , 
2015/12/3, 30, , , , 
2015/12/4, 41, , , , 
2015/12/5, 36, , , , 
2015/12/6, 37, , , , 
2015/12/7, 59, , , , 
2015/12/8, 51, , , , 
2015/12/9, 47, , , , 
2015/12/10, 44, , , , 
2015/12/11, 34, , , , 
2015/12/12, 75, , , , 
2015/12/13, 43, , , , 
2015/12/14, 22, , , , 
2015/12/15, 16, , , , 
2015/12/16, 28, , , , 
2015/12/17, 16, , , , 
2015/12/18, 23, , , , 
2015/12/19, 25, , , , 
2015/12/20, 27, , , , 
2015/12/21, 32, , , , 
2015/12/22, 33, , , , 
2015/12/23, 39, , , , 
2015/12/24, 16, , , , 
2015/12/25, 36, , , , 
2015/12/26, 28, , , , 
2015/12/27, 21, , , , 
2015/12/28, 13, , , , 
2015/12/29, 25, , , , 
2015/12/30, 28, , , , 
2015/12/31, 30, , , , 
2016/1/3, 23, , , , 
2015/7/1, 42, , 39, , 
2015/7/2, 32, , 45, , 
2015/7/3, 41, , 39, , 
2015/7/4, 59, , 49, , 
2015/7/5, 85, , 52, , 
2015/7/6, 77, , 29, , 
2015/7/7, 64, , 22, , 
2015/7/8, 47, , 30, , 
2015/7/9, 50, , 56, , 
2015/7/10, 60, , 50, , 
2015/7/11, 61, , 45, , 
2015/7/12, 62, , 41, , 
2015/7/13, 43, , 37, , 
2015/7/14, 21, , 35, , 
2015/7/15, 14, , 36, , 
2015/7/16, 24, , 29, , 
2015/7/17, 49, , 39, , 
2015/7/18, 34, , 36, , 
2015/7/19, 26, , 37, , 
2015/7/20, 32, , 31, , 
2015/7/21, 28, , 34, , 
2015/7/22, 30, , 37, , 
2015/7/23, 36, , 38, , 
2015/7/24, 45, , 42, , 
2015/7/25, 63, , 50, , 
2015/7/26, 54, , 49, , 
2015/7/27, 46, , 39, , 
2015/7/28, 45, , 36, , 
2015/7/29, 48, , 32, , 
2015/7/30, 21, , 36, , 
2015/7/31, 24, , 29, , 
2015/8/1, 22, , 40, , 
2015/8/2, 35, , 35, , 
2015/8/3, 20, , 31, , 
2015/8/4, 23, , 26, , 
2015/8/5, 24, , 30, , 
2015/8/6, 26, , 35, , 
2015/8/7, 34, , 33, , 
2015/8/8, 44, , 31, , 
2015/8/9, 35, , 26, , 
2015/8/10, 42, , 24, , 
2015/8/11, 29, , 26, , 
2015/8/12, 16, , 35, , 
2015/8/13, 33, , 35, , 
2015/8/14, 45, , 45, , 
2015/8/15, 35, , 41, , 
2015/8/16, 51, , 39, , 
2015/8/17, 57, , 42, , 
2015/8/18, 49, , 37, , 
2015/8/19, 43, , 30, , 
2015/8/20, 17, , 34, , 
2015/8/21, 19, , 42, , 
2015/8/22, 37, , 42, , 
2015/8/23, 46, , 24, , 
2015/8/24, 15, , 21, , 
2015/8/25, 18, , 16, , 
2015/8/26, 22, , 24, , 
2015/8/27, 22, , 33, , 
2015/8/28, 41, , 38, , 
2015/8/29, 53, , 36, , 
2015/8/30, 65, , 39, , 
2015/8/31, 69, , 40, , 
2015/9/1, 68, , 40, , 
2015/9/2, 64, , 29, , 
2015/9/3, 58, , 35, , 
2015/9/4, 34, , 34, , 
2015/9/5, 35, , 42, , 
2015/9/6, 48, , 41, , 
2015/9/7, 57, , 43, , 
2015/9/8, 64, , 29, , 
2015/9/9, 18, , 36, , 
2015/9/10, 22, , 16, , 
2015/9/11, 27, , 17, , 
2015/9/12, 14, , 26, , 
2015/9/13, 26, , 35, , 
2015/9/14, 28, , 43, , 
2015/9/15, 44, , 52, , 
2015/9/16, 43, , 47, , 
2015/9/17, 45, , 38, , 
2015/9/18, 49, , 25, , 
2015/9/19, 23, , 27, , 
2015/9/20, 20, , 27, , 
2015/9/21, 27, , 38, , 
2015/9/22, 32, , 43, , 
2015/9/23, 47, , 16, , 
2015/9/24, 49, , , , 
2015/4/1, 46, , 24, , 
2015/4/2, 37, , 27, , 
2015/4/3, 28, , 34, , 
2015/4/4, 20, , 34, , 
2015/4/5, 33, , 30, , 
2015/4/6, 39, , 27, , 
2015/4/7, 46, , 22, , 
2015/4/8, 43, , 15, , 
2015/4/9, 47, , 36, , 
2015/4/10, 20, , 38, , 
2015/4/11, 29, , 42, , 
2015/4/12, 48, , 35, , 
2015/4/13, 42, , 26, , 
2015/4/14, 27, , 26, , 
2015/4/15, 35, , 29, , 
2015/4/16, 40, , 49, , 
2015/4/17, 42, , 46, , 
2015/4/18, 45, , 33, , 
2015/4/19, 28, , 30, , 
2015/4/20, 39, , 32, , 
2015/4/21, 18, , 30, , 
2015/4/22, 13, , 29, , 
2015/4/23, 17, , 39, , 
2015/4/24, 25, , 35, , 
2015/4/25, 29, , 35, , 
2015/4/26, 22, , 30, , 
2015/4/27, 28, , 41, , 
2015/4/28, 25, , 41, , 
2015/4/29, 37, , 24, , 
2015/4/30, 25, , 39, , 
2015/5/1, 30, , 51, , 
2015/5/2, 36, , 53, , 
2015/5/3, 52, , 42, , 
2015/5/4, 51, , 31, , 
2015/5/5, 29, , 38, , 
2015/5/6, 47, , 48, , 
2015/5/7, 42, , 45, , 
2015/5/8, 49, , 35, , 
2015/5/9, 39, , 33, , 
2015/5/10, 52, , 33, , 
2015/5/11, 26, , 24, , 
2015/5/12, 13, , 30, , 
2015/5/13, 17, , 42, , 
2015/5/14, 33, , 37, , 
2015/5/15, 50, , 34, , 
2015/5/16, 54, , 29, , 
2015/5/17, 46, , 38, , 
2015/5/18, 39, , 24, , 
2015/5/19, 10, , 40, , 
2015/5/20, 16, , 38, , 
2015/5/21, 27, , 35, , 
2015/5/22, 27, , 49, , 
2015/5/23, 33, , 47, , 
2015/5/24, 54, , 38, , 
2015/5/25, 43, , 31, , 
2015/5/26, 33, , 38, , 
2015/5/27, 28, , 39, , 
2015/5/28, 30, , 43, , 
2015/5/29, 47, , 31, , 
2015/5/30, 32, , 19, , 
2015/5/31, 10, , 29, , 
2015/6/1, 16, , 36, , 
2015/6/2, 48, , 40, , 
2015/6/3, 42, , 44, , 
2015/6/4, 45, , 44, , 
2015/6/5, 55, , 40, , 
2015/6/6, 31, , 41, , 
2015/6/7, 46, , 39, , 
2015/6/8, 24, , 36, , 
2015/6/9, 44, , 55, , 
2015/6/10, 67, , 27, , 
2015/6/11, 55, , 33, , 
2015/6/12, 38, , 29, , 
2015/6/13, 46, , 25, , 
2015/6/14, 34, , 26, , 
2015/6/15, 26, , 36, , 
2015/6/16, 20, , 36, , 
2015/6/17, 38, , 30, , 
2015/6/18, 45, , 39, , 
2015/6/19, 29, , 30, , 
2015/6/20, 49, , 38, , 
2015/6/21, 46, , 34, , 
2015/6/22, 43, , 35, , 
2015/6/23, 23, , 33, , 
2015/6/24, 19, , 33, , 
2015/6/25, 37, , 39, , 
2015/6/26, 52, , 34, , 
2015/6/27, 22, , 34, , 
2015/6/28, 21, , 41, , 
2015/6/29, 35, , 37, , 
2015/6/30, 43, , 31, , 
2015/1/1, 27, , , , 
2015/1/2, 40, , , , 
2015/1/3, 40, , , , 
2015/1/4, 31, , , , 
2015/1/5, 27, , , , 
2015/1/6, 28, , , , 
2015/1/7, 28, , , , 
2015/1/8, 30, , , , 
2015/1/9, 31, , , , 
2015/1/10, 36, , , , 
2015/1/11, 43, , , , 
2015/1/12, 42, , , , 
2015/1/13, 35, , , , 
2015/1/14, 51, , , , 
2015/1/15, 73, , , , 
2015/1/17, 35, , , , 
2015/1/18, 27, , , , 
2015/1/19, 26, , , , 
2015/1/20, 38, , , , 
2015/1/21, 46, , , , 
2015/1/22, 36, , , , 
2015/1/23, 55, , , , 
2015/1/26, 33, , , , 
2015/1/27, 35, , , , 
2015/1/28, 35, , , , 
2015/1/29, 43, , , , 
2015/1/30, 20, , , , 
2015/1/31, 45, , , , 
2015/2/1, 27, , , , 
2015/2/2, 28, , , , 
2015/2/3, 44, , , , 
2015/2/4, 40, , , , 
2015/2/5, 28, , , , 
2015/2/6, 46, , , , 
2015/2/7, 59, , , , 
2015/2/8, 58, , , , 
2015/2/9, 30, , , , 
2015/2/10, 45, , , , 
2015/2/11, 51, , , , 
2015/2/12, 23, , , , 
2015/2/13, 29, , , , 
2015/2/14, 30, , , , 
2015/2/15, 35, , , , 
2015/2/16, 46, , , , 
2015/2/17, 55, , , , 
2015/2/18, 32, , , , 
2015/2/19, 33, , , , 
2015/2/20, 40, , , , 
2015/2/21, 53, , , , 
2015/2/22, 50, , , , 
2015/2/23, 29, , , , 
2015/2/24, 44, , , , 
2015/2/25, 26, , , , 
2015/2/26, 37, , , , 
2015/2/27, 47, , , , 
2015/2/28, 55, , , , 
2015/3/1, 50, , , , 
2015/3/2, 38, , , , 
2015/3/3, 41, , , , 
2015/3/4, 33, , , , 
2015/3/5, 32, , , , 
2015/3/6, 49, , , , 
2015/3/7, 51, , , , 
2015/3/8, 34, , , , 
2015/3/9, 42, , , , 
2015/3/10, 62, , , , 
2015/3/11, 47, , , , 
2015/3/12, 22, , , , 
2015/3/13, 42, , , , 
2015/3/14, 20, , , , 
2015/3/15, 37, , , , 
2015/3/16, 36, , , , 
2015/3/17, 17, , , , 
2015/3/18, 27, , , , 
2015/3/19, 25, , , , 
2015/3/20, 38, , , , 
2015/3/21, 43, , , , 
2015/3/22, 26, , , , 
2015/3/23, 32, , , , 
2015/3/24, 40, , , , 
2015/3/25, 50, , , , 
2015/3/26, 33, , , , 
2015/3/27, 22, , , , 
2015/3/28, 31, , , , 
2015/3/29, 32, , 34, , 
2015/3/30, 21, , 29, , 
2015/3/31, 34, , 35, , 
2014/10/1, 32, , , , 
2014/10/2, 55, , , , 
2014/10/3, 34, , , , 
2014/10/4, 12, , , , 
2014/10/5, 16, , , , 
2014/10/6, 25, , , , 
2014/10/7, 27, , , , 
2014/10/8, 24, , , , 
2014/10/9, 27, , , , 
2014/10/10, 27, , , , 
2014/10/11, 35, , , , 
2014/10/12, 35, , , , 
2014/10/13, 44, , , , 
2014/10/15, 26, , , , 
2014/10/16, 34, , , , 
2014/10/17, 33, , , , 
2014/10/18, 15, , , , 
2014/10/19, 17, , , , 
2014/10/20, 39, , , , 
2014/10/21, 26, , , , 
2014/10/22, 26, , , , 
2014/10/23, 31, , , , 
2014/10/24, 52, , , , 
2014/10/25, 43, , , , 
2014/10/26, 25, , , , 
2014/10/27, 48, , , , 
2014/10/28, 37, , , , 
2014/10/29, 20, , , , 
2014/10/30, 23, , , , 
2014/10/31, 26, , , , 
2014/11/1, 21, , , , 
2014/11/2, 36, , , , 
2014/11/3, 42, , , , 
2014/11/4, 41, , , , 
2014/11/5, 33, , , , 
2014/11/6, 43, , , , 
2014/11/7, 17, , , , 
2014/11/8, 26, , , , 
2014/11/9, 23, , , , 
2014/11/10, 41, , , , 
2014/11/11, 38, , , , 
2014/11/12, 19, , , , 
2014/11/13, 29, , , , 
2014/11/14, 24, , , , 
2014/11/15, 41, , , , 
2014/11/16, 50, , , , 
2014/11/17, 39, , , , 
2014/11/18, 38, , , , 
2014/11/19, 38, , , , 
2014/11/20, 34, , , , 
2014/11/21, 39, , , , 
2014/11/22, 50, , , , 
2014/11/23, 46, , , , 
2014/11/24, 18, , , , 
2014/11/25, 35, , , , 
2014/11/26, 36, , , , 
2014/11/27, 28, , , , 
2014/11/28, 27, , , , 
2014/11/29, 44, , , , 
2014/11/30, 52, , , , 
2014/12/1, 23, , , , 
2014/12/2, 32, , , , 
2014/12/3, 43, , , , 
2014/12/4, 40, , , , 
2014/12/5, 54, , , , 
2014/12/6, 47, , , , 
2014/12/7, 22, , , , 
2014/12/8, 35, , , , 
2014/12/9, 39, , , , 
2014/12/10, 25, , , , 
2014/12/11, 31, , , , 
2014/12/12, 52, , , , 
2014/12/13, 45, , , , 
2014/12/14, 43, , , , 
2014/12/15, 59, , , , 
2014/12/16, 36, , , , 
2014/12/17, 15, , , , 
2014/12/18, 28, , , , 
2014/12/19, 27, , , , 
2014/12/20, 44, , , , 
2014/12/21, 56, , , , 
2014/12/22, 62, , , , 
2014/12/23, 51, , , , 
2014/12/24, 12, , , , 
2014/12/25, 24, , , , 
2014/12/26, 34, , , , 
2014/12/27, 34, , , , 
2014/12/28, 22, , , , 
2014/7/1, 18, , 27, , 
2014/7/2, 24, , 26, , 
2014/7/3, 20, , 29, , 
2014/7/4, 34, , 37, , 
2014/7/5, 63, , 42, , 
2014/7/6, 55, , 33, , 
2014/7/7, 47, , 32, , 
2014/7/8, 28, , 26, , 
2014/7/9, 28, , 37, , 
2014/7/10, 31, , 46, , 
2014/7/11, 45, , 49, , 
2014/7/12, 56, , 36, , 
2014/7/13, 42, , 36, , 
2014/7/14, 49, , 23, , 
2014/7/15, 31, , 18, , 
2014/7/16, 16, , 29, , 
2014/7/17, 26, , 40, , 
2014/7/18, 39, , 41, , 
2014/7/19, 50, , 53, , 
2014/7/20, 58, , 63, , 
2014/7/21, 61, , 49, , 
2014/7/22, 63, , 35, , 
2014/7/23, 31, , 27, , 
2014/7/24, 18, , 36, , 
2014/7/25, 35, , 44, , 
2014/7/26, 55, , 38, , 
2014/7/27, 56, , 20, , 
2014/7/28, 22, , 26, , 
2014/7/29, 27, , 31, , 
2014/7/30, 47, , 36, , 
2014/7/31, 44, , 38, , 
2014/8/1, 67, , 37, , 
2014/8/2, 70, , 48, , 
2014/8/3, 74, , 44, , 
2014/8/4, 64, , 39, , 
2014/8/5, 49, , 30, , 
2014/8/6, 36, , 41, , 
2014/8/7, 51, , 42, , 
2014/8/8, 61, , 40, , 
2014/8/9, 47, , 50, , 
2014/8/10, 65, , 29, , 
2014/8/11, 43, , 32, , 
2014/8/12, 46, , 25, , 
2014/8/13, 16, , 27, , 
2014/8/14, 17, , 34, , 
2014/8/15, 25, , 41, , 
2014/8/16, 49, , 24, , 
2014/8/17, 35, , 34, , 
2014/8/18, 41, , 35, , 
2014/8/19, 41, , 32, , 
2014/8/20, 34, , 36, , 
2014/8/21, 45, , 38, , 
2014/8/22, 61, , 35, , 
2014/8/23, 45, , 32, , 
2014/8/24, 55, , 41, , 
2014/8/25, 50, , 39, , 
2014/8/26, 52, , 28, , 
2014/8/27, 28, , 37, , 
2014/8/28, 21, , 38, , 
2014/8/29, 37, , 37, , 
2014/8/30, 51, , 33, , 
2014/8/31, 41, , 28, , 
2014/9/1, 48, , 25, , 
2014/9/2, 33, , 44, , 
2014/9/3, 47, , 41, , 
2014/9/4, 61, , 37, , 
2014/9/5, 59, , 20, , 
2014/9/6, 25, , 34, , 
2014/9/7, 33, , 36, , 
2014/9/8, 34, , 41, , 
2014/9/9, 48, , 21, , 
2014/9/10, 47, , 19, , 
2014/9/11, 17, , 19, , 
2014/9/12, 17, , 20, , 
2014/9/13, 24, , 29, , 
2014/9/14, 31, , 19, , 
2014/9/15, 36, , 29, , 
2014/9/16, 27, , 33, , 
2014/9/17, 34, , 31, , 
2014/9/18, 40, , 30, , 
2014/9/19, 36, , 38, , 
2014/9/20, 48, , 28, , 
2014/9/21, 20, , 22, , 
2014/9/22, 20, , 30, , 
2014/9/23, 36, , 34, , 
2014/9/24, 45, , 35, , 
2014/9/25, 44, , 32, , 
2014/9/26, 51, , 38, , 
2014/9/27, 47, , 53, , 
2014/9/28, 56, , 45, , 
2014/9/29, 53, , 11, , 
2014/9/30, 21, , 11, , 
2014/6/13, 25, , 36, , 
2014/6/14, 23, , 52, , 
2014/6/15, 43, , 49, , 
2014/6/16, 40, , 43, , 
2014/6/17, 59, , 34, , 
2014/6/18, 33, , 34, , 
2014/6/19, 49, , 30, , 
2014/6/20, 27, , 59, , 
2014/6/21, 28, , 48, , 
2014/6/22, 33, , 34, , 
2014/6/23, 50, , 26, , 
2014/6/24, 42, , 30, , 
2014/6/25, 35, , 39, , 
2014/6/26, 38, , 44, , 
2014/6/27, 40, , 59, , 
2014/6/28, 62, , 41, , 
2014/6/29, 43, , 33, , 
2014/6/30, 45, , 33, , 
2019/8/11, , 24, , , 
2019/8/12, , 15, 38, 4, 
2019/5/19, , 12, 24, , 
2019/6/3, , 37, 38, , 
2018/12/31, , 6, 14, , 
2019/1/5, , 6, 25, 2, 
2019/1/6, , 8, 22, , 
2019/2/24, , 25, 30, , 
2018/9/1, , 19, 25, , 
2018/9/2, , 19, 22, , 
2018/9/3, , 18, 31, , 
2018/5/28, , 40, 67, , 
2018/5/29, , 29, 33, , 
2018/5/30, , 27, 47, , 
2018/5/31, , 20, 38, , 
2018/6/1, , 11, 28, , 
2018/6/2, , 14, 32, , 
2018/6/3, , 15, 32, , 
2020/3/21, , , 29, , 
2020/3/22, , , 28, , 
2019/10/15, , , 21, , 
2017/9/9, , , 14, , 
2016/8/19, , , 27, , 
2016/8/20, , , 19, , 
2016/8/21, , , 26, , 
2016/8/22, , , 34, , 
2016/8/23, , , 29, , 
2016/9/2, , , 36, , 
2016/9/3, , , 39, , 
2016/9/4, , , 41, , 
2016/9/5, , , 30, , 
2016/9/6, , , 24, , 
2016/4/3, , , 30, , 
2015/9/30, , , 20, , 
2014/6/12, , , 33, , 